Function, X, Result
eqSystem,-5.759586531581287,1.749199854809259
eqSystem,-3.141592653589793,NaN
eqSystem,-2.356194490192345,1.0
eqSystem,0.0,NaN
eqSystem,0.7853981633974483,14.192245121398596
eqSystem,1.5707963267948966,13.46053856766135
eqSystem,2.356194490192345,13.032517672193077
eqSystem,3.141592653589793,12.728832013923977
