Function, X, Result
log5,1.0,0.0
log5,2.0,0.43067655807339306
log5,3.0,0.6826061944859854
log5,4.0,0.8613531161467861
log10,1.0,0.0
log10,2.0,0.30102999566398114
log10,3.0,0.47712125471966244
log10,4.0,0.6020599913279623
