Function, X, Result
sin,0.0,0.0
sin,0.7853981633974483,0.7071067811865679
sin,1.5707963267948966,1.0000000000000437
sin,3.141592653589793,-1.70370713479687E-13
sin,4.71238898038469,-0.9999999999999116
sin,0.0,0.0
sin,-0.7853981633974483,-0.7071067811865679
sin,-1.5707963267948966,-1.0000000000000437
sin,-3.141592653589793,1.70370713479687E-13
sin,-4.71238898038469,0.9999999999999116
sin,0.0,0.0
sin,5.925621140166186,-0.3499935021034267
